name,ds_wt,ds,window,linker_len,mismatch_pos,kd_app_wt_nM,d_kd_nM,rand_covered,dg_switch,closed_frac,kd_app_nM,engagement,selectivity,tether_nt
8_3_p1AT,ACCCTCTT,TCCCTCTT,12-19,3,1,937.7,-781.7,4,-1.08,0.827,156.0,0.66,6.07,11
8_3_p1AC,ACCCTCTT,CCCCTCTT,12-19,3,1,937.7,-746.1,4,-1.21,0.859,191.6,0.73,5.95,11
8_3_p8TC,ACCCTCTT,ACCCTCTC,12-19,3,8,937.7,-600.2,4,-1.56,0.92,337.5,0.77,6.03,11
8_3_p8TA,ACCCTCTT,ACCCTCTA,12-19,3,8,937.7,-556.8,4,-1.63,0.929,380.9,0.78,6.04,11
8_3_p8TG,ACCCTCTT,ACCCTCTG,12-19,3,8,937.7,-492.3,4,-1.73,0.939,445.4,0.8,6.1,11
8_3_p1AG,ACCCTCTT,GCCCTCTT,12-19,3,1,937.7,-68.9,4,-2.14,0.969,868.8,0.65,5.57,11
7_4_p7TA,ACCCTCT,ACCCTCA,13-19,4,7,452.5,-305.8,3,-1.04,0.816,146.7,0.64,5.89,11
7_4_p7TG,ACCCTCT,ACCCTCG,13-19,4,7,452.5,-303.1,3,-1.05,0.819,149.4,0.63,3.88,11
8_3_p1TG,TTCAACCC,GTCAACCC,16-23,3,1,596.4,-381.5,3,-1.28,0.874,214.9,0.7,5.97,11
7_4_p1AC,AACCCTC,CACCCTC,14-20,4,1,634.5,-299.9,3,-1.55,0.919,334.6,0.87,4.83,11
6_3_p6AT,GTTGCA,GTTGCT,25-30,3,6,482.0,43.0,3,-1.83,0.949,525.0,0.62,2.05,9
7_3_p1CT,CCTCTTG,TCTCTTG,11-17,3,1,529.3,-405.6,2,-0.94,0.782,123.7,0.62,4.26,10
6_4_p6CT,CTTGAC,CTTGAT,9-14,4,6,901.3,-774.2,2,-0.95,0.788,127.1,0.6,2.6,10
6_5_p6TC,TTGACT,TTGACC,8-13,5,6,648.4,-482.0,2,-1.12,0.838,166.4,0.61,2.33,11
6_4_p6TC,TTGACT,TTGACC,8-13,4,6,683.3,-504.4,2,-1.17,0.849,178.9,0.61,2.33,10
7_4_p7AC,CTCTTGA,CTCTTGC,10-16,4,7,490.2,-302.3,2,-1.2,0.856,187.9,0.66,2.66,11
7_4_p7AT,CTCTTGA,CTCTTGT,10-16,4,7,490.2,-302.3,2,-1.2,0.856,187.9,0.65,4.02,11
7_3_p7AT,CTCTTGA,CTCTTGT,10-16,3,7,505.7,-314.6,2,-1.21,0.859,191.1,0.65,4.02,10
7_3_p7AC,CTCTTGA,CTCTTGC,10-16,3,7,505.7,-313.0,2,-1.21,0.86,192.7,0.67,2.66,10
6_3_p6TC,TTGACT,TTGACC,8-13,3,6,737.8,-534.0,2,-1.25,0.868,203.8,0.61,2.33,9
6_5_p6TA,TTGACT,TTGACA,8-13,5,6,648.4,-440.7,2,-1.26,0.87,207.7,0.66,2.57,11
6_4_p6TA,TTGACT,TTGACA,8-13,4,6,683.3,-461.6,2,-1.3,0.878,221.7,0.66,2.57,10
7_4_p1TA,TCTTGAC,ACTTGAC,9-15,4,1,813.4,-581.5,2,-1.33,0.884,231.9,0.66,4.18,11
7_3_p1TA,TCTTGAC,ACTTGAC,9-15,3,1,901.3,-654.4,2,-1.36,0.891,246.9,0.68,4.18,10
6_3_p6TA,TTGACT,TTGACA,8-13,3,6,737.8,-488.1,2,-1.37,0.892,249.7,0.66,2.57,9
7_4_p7AG,CTCTTGA,CTCTTGG,10-16,4,7,490.2,-237.4,2,-1.38,0.893,252.8,0.63,4.02,11
7_3_p7AG,CTCTTGA,CTCTTGG,10-16,3,7,505.7,-233.8,2,-1.42,0.901,271.9,0.63,4.02,10
7_4_p1TC,TCTTGAC,CCTTGAC,9-15,4,1,813.4,-497.6,2,-1.52,0.915,315.8,0.76,4.18,11
7_3_p1TC,TCTTGAC,CCTTGAC,9-15,3,1,901.3,-558.3,2,-1.57,0.921,343.0,0.78,4.18,10
7_3_p1CG,CCTCTTG,GCTCTTG,11-17,3,1,529.3,-111.7,2,-1.69,0.935,417.6,0.71,3.28,10
7_4_p1CG,CCTCTTG,GCTCTTG,11-17,4,1,386.2,153.4,2,-1.85,0.95,539.6,0.72,3.28,11
7_4_p4CG,CCTCTTG,CCTGTTG,11-17,4,4,386.2,352.7,2,-2.04,0.963,738.9,0.66,2.08,11
7_3_p1AG,ATGGTTG,GTGGTTG,27-33,3,1,694.3,-24.5,1,-1.98,0.96,669.8,0.64,4.59,10
7_4_p1AT,ATGGTTG,TTGGTTG,27-33,4,1,791.0,24.3,1,-2.1,0.967,815.3,0.62,4.39,11
6_5_p2GT,TGGTTG,TTGTTG,27-32,5,2,815.3,45.5,1,-2.13,0.969,860.8,0.77,2.18,11
7_4_p3GT,ATGGTTG,ATTGTTG,27-33,4,3,791.0,179.4,1,-2.21,0.972,970.4,0.67,2.18,11
6_3_p1TG,TACACA,GACACA,0-5,3,1,226.4,177.7,0,-1.67,0.933,404.1,0.69,2.64,9
6_4_p1TG,TACACA,GACACA,0-5,4,1,237.1,244.5,0,-1.78,0.944,481.6,0.69,2.64,10
