dg_switch,closed_frac,kd_app_nM,engagement,selectivity,tether_nt,arm,ds,window,linker_len,passes
-0.86,0.754,109.6,0.62,7.05,45,designed,AACCCTCTT,12-20,36,True
-0.25,0.329,40.2,0.02,4.71,45,scrambled,AACCCTTCT,12-20,36,False
-0.23,0.311,39.2,0.0,3.55,45,reversed,TTCTCCCAA,12-20,36,False
-0.31,0.391,44.3,0.05,0.53,45,foreign,TTATTGCCT,12-20,36,False
-1.03,0.811,142.6,0.7,4.5,51,designed,TTGCAATTCAA,19-29,40,True
-0.23,0.317,39.5,0.0,-3.41,51,scrambled,TTATCGATCAA,19-29,40,False
-0.24,0.321,39.8,0.01,-4.14,51,reversed,AACTTAACGTT,19-29,40,False
-0.23,0.316,39.5,0.0,-1.77,51,foreign,CTTCGGAGATG,19-29,40,False
-1.15,0.845,174.3,0.76,4.88,45,designed,GCAATTCAA,19-27,36,True
-0.23,0.309,39.1,0.0,-2.83,45,scrambled,CAGATCTAA,19-27,36,False
-0.24,0.319,39.7,0.01,-0.87,45,reversed,AACTTAACG,19-27,36,False
-0.45,0.515,55.7,0.13,0.17,45,foreign,GGTTATTGC,19-27,36,False
-1.29,0.877,220.2,0.81,4.88,40,designed,GCAATTCAA,19-27,31,True
-0.25,0.329,40.2,0.02,-0.65,40,scrambled,CGAACTTAA,19-27,31,False
-0.24,0.324,39.9,0.01,-0.87,40,reversed,AACTTAACG,19-27,31,False
-0.23,0.313,39.3,0.0,-0.01,40,foreign,CCCCCTATC,19-27,31,False
-1.5,0.912,305.7,0.85,7.05,38,designed,AACCCTCTT,12-20,29,True
-0.23,0.311,39.2,0.0,2.78,38,scrambled,TCCATCATC,12-20,29,False
-0.23,0.31,39.1,0.0,3.55,38,reversed,TTCTCCCAA,12-20,29,False
-0.28,0.369,42.8,0.03,-1.14,38,foreign,GGAGATGAA,12-20,29,False
-1.81,0.947,507.0,0.91,4.88,33,designed,GCAATTCAA,19-27,24,True
-0.34,0.424,46.8,0.06,-0.48,33,scrambled,TTAAGCCAA,19-27,24,False
-0.26,0.343,41.1,0.04,-0.87,33,reversed,AACTTAACG,19-27,24,False
-0.26,0.346,41.3,0.02,-1.77,33,foreign,TCGGAGATG,19-27,24,False
-2.03,0.963,723.0,0.93,8.34,52,designed,AACCCTCTTG,11-20,42,True
-0.31,0.393,44.5,0.04,0.75,52,scrambled,ACTCCGCTAT,11-20,42,False
-0.24,0.324,40.0,0.01,3.55,52,reversed,GTTCTCCCAA,11-20,42,False
-0.23,0.312,39.3,0.0,-1.55,52,foreign,CTTCGGAGAT,11-20,42,False
-2.22,0.973,992.2,0.95,8.23,52,designed,CAATTCAACCC,16-26,41,True
-0.23,0.309,39.1,0.0,1.89,52,scrambled,CTCCAAAATCC,16-26,41,False
-0.24,0.319,39.7,0.01,3.7,52,reversed,CCCAACTTAAC,16-26,41,False
-0.3,0.382,43.7,0.03,-0.09,52,foreign,TATTGCCTTCG,16-26,41,False
-0.93,0.78,122.5,0.67,5.95,24,designed,AATTCAACC,17-25,15,True
-0.27,0.359,42.1,0.05,5.51,24,scrambled,TTACAACCA,17-25,15,False
-0.26,0.34,40.9,0.06,3.7,24,reversed,CCAACTTAA,17-25,15,False
-0.25,0.333,40.5,0.02,-1.63,24,foreign,TTCGGAGAT,17-25,15,False
-1.11,0.835,163.4,0.74,4.1,32,designed,GCAATTCA,20-27,24,True
-0.22,0.297,38.4,0.0,-1.86,32,scrambled,TCGAAATC,20-27,24,False
-0.31,0.396,44.7,0.09,-0.87,32,reversed,ACTTAACG,20-27,24,False
-0.23,0.314,39.4,0.01,-1.63,32,foreign,TTCGGAGA,20-27,24,False
-1.24,0.866,202.2,0.78,4.18,29,designed,TGCAATTCA,20-28,20,True
-0.23,0.31,39.1,0.01,0.2,29,scrambled,CCTTAGTAA,20-28,20,False
-0.44,0.512,55.4,0.2,-1.19,29,reversed,ACTTAACGT,20-28,20,False
-0.23,0.314,39.3,0.0,-0.85,29,foreign,CCCCTATCG,20-28,20,False
-1.42,0.899,268.3,0.82,4.18,26,designed,TGCAATTCA,20-28,17,True
-2.68,0.987,2072.6,0.65,0.07,26,scrambled,ATACACTTG,20-28,17,False
-0.51,0.563,61.7,0.25,-1.19,26,reversed,ACTTAACGT,20-28,17,False
-0.65,0.652,77.6,0.2,0.07,26,foreign,TGCCTTCGG,20-28,17,False
-1.57,0.922,347.2,0.87,6.28,24,designed,AACCCTCT,13-20,16,True
-0.25,0.336,40.7,0.03,3.78,24,scrambled,CATACCTC,13-20,16,False
-0.22,0.299,38.5,0.0,3.55,24,reversed,TCTCCCAA,13-20,16,False
-0.61,0.627,72.4,0.14,-0.84,24,foreign,GATGAATG,13-20,16,False
-1.71,0.938,435.6,0.89,6.28,22,designed,AACCCTCT,13-20,14,True
-0.23,0.313,39.3,0.01,3.11,22,scrambled,CCTACCAT,13-20,14,False
-0.22,0.296,38.3,0.01,3.55,22,reversed,TCTCCCAA,13-20,14,False
-0.32,0.403,45.3,0.05,-0.84,22,foreign,AGATGAAT,13-20,14,False
-1.81,0.947,509.2,0.89,3.83,48,designed,GTTGCAATTCA,20-30,37,True
-0.43,0.505,54.5,0.16,1.71,48,scrambled,GTTTTGCCAAA,20-30,37,False
-0.28,0.365,42.5,0.03,-3.87,48,reversed,ACTTAACGTTG,20-30,37,False
-0.29,0.376,43.3,0.02,0.82,48,foreign,GGAGATGAATG,20-30,37,False
-1.93,0.956,618.2,0.88,3.72,17,designed,TTGCAATTCA,20-29,7,True
-0.2,0.277,37.3,0.02,-1.66,17,scrambled,TATCTCAGAT,20-29,7,False
-0.83,0.74,104.0,0.38,-4.14,17,reversed,ACTTAACGTT,20-29,7,False
-1.65,0.931,389.7,0.28,0.94,17,foreign,AATGCCCCCT,20-29,7,False
-2.08,0.966,784.5,0.93,7.56,32,designed,ACCCTCTTG,11-19,23,True
-0.25,0.329,40.2,0.01,2.7,32,scrambled,TCTTACCCG,11-19,23,False
-0.32,0.403,45.3,0.05,3.55,32,reversed,GTTCTCCCA,11-19,23,False
-0.36,0.442,48.4,0.05,0.06,32,foreign,AGATGAATG,11-19,23,False
-2.19,0.971,937.9,0.94,7.54,30,designed,AATTCAACCC,16-25,20,True
-0.26,0.339,40.9,0.02,2.87,30,scrambled,ACCATACCTA,16-25,20,False
-0.24,0.322,39.8,0.02,3.7,30,reversed,CCCAACTTAA,16-25,20,False
-0.52,0.569,62.7,0.13,0.74,30,foreign,ATGCCCCCTA,16-25,20,False
-0.89,0.764,114.6,0.64,6.4,34,designed,CCCTCTTG,11-18,26,True
-0.53,0.58,64.3,0.17,0.0,34,scrambled,TCGCTTCC,11-18,26,False
-0.29,0.373,43.0,0.03,2.43,34,reversed,GTTCTCCC,11-18,26,False
-0.44,0.508,54.9,0.11,2.6,34,foreign,GCCCCCTA,11-18,26,False
-0.96,0.791,129.0,0.6,2.93,21,designed,GCAATTC,21-27,14,True
-0.28,0.364,42.4,0.05,-1.28,21,scrambled,AATCCGT,21-27,14,False
-0.29,0.371,42.9,0.08,-1.46,21,reversed,CTTAACG,21-27,14,False
-1.23,0.865,199.6,0.31,0.36,21,foreign,GGTTATT,21-27,14,False
-1.02,0.81,142.2,0.63,3.02,20,designed,TGCAATTC,21-28,12,True
-0.59,0.616,70.2,0.36,-0.55,20,scrambled,CTTAGACT,21-28,12,False
-0.35,0.437,47.9,0.12,-1.78,20,reversed,CTTAACGT,21-28,12,False
-0.83,0.738,103.1,0.2,1.09,20,foreign,ATGAATGC,21-28,12,False
-1.08,0.827,155.9,0.66,3.65,41,designed,GGTTGCA,25-31,34,True
-0.83,0.739,103.6,0.4,0.17,41,scrambled,GTGGCTA,25-31,34,False
-0.74,0.698,89.3,0.39,0.78,41,reversed,ACGTTGG,25-31,34,False
-0.26,0.348,41.4,0.02,0.76,41,foreign,GTTATTG,25-31,34,False
-1.14,0.844,173.0,0.66,2.56,18,designed,TTGCAATTC,21-29,9,True
-0.26,0.343,41.1,0.05,0.65,18,scrambled,ACTTTTCAG,21-29,9,False
-0.46,0.529,57.4,0.16,-4.73,18,reversed,CTTAACGTT,21-29,9,False
-1.11,0.836,164.4,0.27,1.11,18,foreign,TAATGGTTA,21-29,9,False
-1.19,0.856,187.5,0.78,6.84,42,designed,CCCTCTTGA,10-18,33,True
-0.24,0.319,39.6,0.01,1.57,42,scrambled,CCCTTATCG,10-18,33,False
-0.23,0.316,39.5,0.0,2.43,42,reversed,AGTTCTCCC,10-18,33,False
-0.23,0.311,39.2,0.0,-1.55,42,foreign,CTTCGGAGA,10-18,33,False
-1.22,0.862,195.7,0.79,6.45,35,designed,TCAACCCT,15-22,27,True
-0.23,0.316,39.5,0.01,1.66,35,scrambled,TCCTCACA,15-22,27,False
-0.23,0.309,39.1,0.0,3.7,35,reversed,TCCCAACT,15-22,27,False
-0.25,0.333,40.5,0.02,-1.47,35,foreign,TATCGACT,15-22,27,False
-1.27,0.873,213.0,0.81,6.57,50,designed,CAACCCTC,14-21,42,True
-0.27,0.352,41.7,0.05,5.96,50,scrambled,TCAACCCC,14-21,42,False
-0.23,0.312,39.2,0.0,3.55,50,reversed,CTCCCAAC,14-21,42,False
-0.3,0.386,44.0,0.06,-1.45,50,foreign,GTTATTGC,14-21,42,False
-1.3,0.879,223.7,0.74,2.66,41,designed,GTTGCAATTC,21-30,31,True
-0.27,0.357,42.0,0.04,-0.48,41,scrambled,TAGACTTTCG,21-30,31,False
-0.29,0.377,43.3,0.04,-3.87,41,reversed,CTTAACGTTG,21-30,31,False
-0.88,0.762,113.3,0.41,1.64,41,foreign,GTTATTGCCT,21-30,31,False
-1.35,0.889,242.9,0.81,8.37,47,designed,TTCAACCCTC,14-23,37,True
-0.23,0.313,39.3,0.0,1.91,47,scrambled,CTCATTCACC,14-23,37,False
-0.23,0.313,39.3,0.0,3.7,47,reversed,CTCCCAACTT,14-23,37,False
-0.24,0.32,39.7,0.01,-1.31,47,foreign,CCTATCGACT,14-23,37,False
-1.39,0.894,255.6,0.83,7.59,46,designed,TCAACCCTC,14-22,37,True
-0.23,0.317,39.5,0.0,3.73,46,scrambled,ACCACCTCT,14-22,37,False
-0.23,0.312,39.2,0.0,3.7,46,reversed,CTCCCAACT,14-22,37,False
-0.4,0.475,51.4,0.1,1.34,46,foreign,GAATGCCCC,14-22,37,False
-1.45,0.906,285.7,0.85,5.28,14,designed,AACCCTC,14-20,7,True
-0.2,0.276,37.3,0.02,3.55,14,scrambled,TCCCAAC,14-20,7,False
-0.2,0.274,37.2,0.02,3.55,14,reversed,CTCCCAA,14-20,7,False
-1.76,0.942,467.9,0.47,-0.48,14,foreign,TGGTTAT,14-20,7,False
-1.5,0.913,308.6,0.87,6.57,43,designed,CAACCCTC,14-21,35,True
-0.23,0.314,39.4,0.0,2.94,43,scrambled,CCCACCAT,14-21,35,False
-0.23,0.311,39.2,0.0,3.55,43,reversed,CTCCCAAC,14-21,35,False
-0.34,0.42,46.6,0.07,1.76,43,foreign,TGCCCCCT,14-21,35,False
-1.55,0.92,336.4,0.87,7.59,42,designed,TCAACCCTC,14-22,33,True
-0.24,0.318,39.6,0.0,2.27,42,scrambled,ACCACTCCT,14-22,33,False
-0.23,0.311,39.2,0.0,3.7,42,reversed,CTCCCAACT,14-22,33,False
-0.24,0.328,40.2,0.01,-1.23,42,foreign,CGGAGATGA,14-22,33,False
-1.6,0.925,361.1,0.88,6.24,13,designed,TTCAACCC,16-23,5,True
-0.24,0.326,40.1,0.06,1.65,13,scrambled,ATCCTCAC,16-23,5,False
-0.25,0.333,40.5,0.08,3.7,13,reversed,CCCAACTT,16-23,5,False
-0.67,0.661,79.6,0.15,-0.36,13,foreign,AGATGAAT,16-23,5,False
-1.67,0.933,405.2,0.85,4.03,34,designed,TGGTTGCAA,24-32,25,True
-0.29,0.378,43.4,0.03,0.08,34,scrambled,GAGTATGTC,24-32,25,False
-1.43,0.902,276.9,0.51,-1.75,34,reversed,AACGTTGGT,24-32,25,False
-0.4,0.475,51.4,0.09,3.74,34,foreign,TAATGGTTA,24-32,25,False
-1.73,0.94,448.8,0.91,6.57,40,designed,CAACCCTC,14-21,32,True
-0.23,0.314,39.4,0.0,3.3,40,scrambled,CATCACCC,14-21,32,False
-0.23,0.31,39.1,0.0,3.55,40,reversed,CTCCCAAC,14-21,32,False
-0.33,0.417,46.3,0.07,1.34,40,foreign,ATGCCCCC,14-21,32,False
-1.78,0.944,482.0,0.62,2.06,9,designed,GTTGCA,25-30,3,True
-1.68,0.935,414.3,0.52,-0.87,9,scrambled,TAGGCT,25-30,3,False
-1.34,0.887,239.3,0.53,0.04,9,reversed,ACGTTG,25-30,3,False
-1.27,0.872,210.7,0.3,1.0,9,foreign,TGAATG,25-30,3,False
-1.84,0.949,530.9,0.87,4.03,31,designed,TGGTTGCAA,24-32,22,True
-0.28,0.363,42.4,0.02,1.78,31,scrambled,GTATCAGGT,24-32,22,False
-1.7,0.936,422.8,0.54,-1.75,31,reversed,AACGTTGGT,24-32,22,False
-0.46,0.529,57.3,0.12,0.94,31,foreign,ATGCCCCCT,24-32,22,False
-1.91,0.955,600.1,0.91,2.34,50,designed,GGTTGCAAT,23-31,41,True
-0.32,0.405,45.4,0.05,0.13,50,scrambled,TTAAGCGGT,23-31,41,False
-0.65,0.653,77.8,0.27,-3.14,50,reversed,TAACGTTGG,23-31,41,False
-0.23,0.312,39.3,0.0,-0.72,50,foreign,CTTCGGAGA,23-31,41,False
-1.98,0.96,672.8,0.91,3.5,47,designed,TGGTTGCAAT,23-32,37,True
-0.28,0.364,42.5,0.03,0.75,47,scrambled,CGATTATGGT,23-32,37,False
-0.93,0.778,121.8,0.36,-3.14,47,reversed,TAACGTTGGT,23-32,37,False
-0.27,0.352,41.6,0.01,0.82,47,foreign,GAGATGAATG,23-32,37,False
-2.04,0.963,733.8,0.92,2.34,45,designed,GGTTGCAAT,23-31,36,True
-0.24,0.324,39.9,0.01,-0.94,45,scrambled,TAGACGGTT,23-31,36,False
-0.73,0.692,87.6,0.3,-3.14,45,reversed,TAACGTTGG,23-31,36,False
-0.29,0.377,43.3,0.04,2.65,45,foreign,TAATGGTTA,23-31,36,False
-2.1,0.967,816.3,0.7,2.06,20,designed,GTTGCA,25-30,14,True
-1.06,0.822,151.9,0.43,-1.32,20,scrambled,TGGTAC,25-30,14,False
-0.68,0.668,81.4,0.32,0.04,20,reversed,ACGTTG,25-30,14,False
-0.43,0.5,54.0,0.1,0.34,20,foreign,GAGATG,25-30,14,False
-2.18,0.971,927.6,0.93,6.87,16,designed,ATTCAACCC,16-24,7,True
-0.2,0.28,37.5,0.04,2.22,16,scrambled,CTAACTCAC,16-24,7,False
-0.34,0.424,46.9,0.16,3.7,16,reversed,CCCAACTTA,16-24,7,False
-1.41,0.898,265.5,0.35,-0.27,16,foreign,TGCCTTCGG,16-24,7,False
-2.22,0.973,997.1,0.92,4.28,54,designed,TGGTTGCAATT,22-32,43,True
-1.14,0.844,173.0,0.43,0.6,54,scrambled,AATGTTCGGTT,22-32,43,False
-0.81,0.732,100.7,0.3,-3.14,54,reversed,TTAACGTTGGT,22-32,43,False
-0.28,0.368,42.8,0.03,0.77,54,foreign,TTGCCTTCGGA,22-32,43,False
-0.94,0.782,123.7,0.68,3.22,10,designed,CTCTTG,11-16,4,True
-0.77,0.715,94.8,0.3,-0.91,10,scrambled,CTGCTT,11-16,4,False
-1.14,0.844,173.0,0.34,1.38,10,reversed,GTTCTC,11-16,4,False
-0.23,0.307,39.0,0.08,0.41,10,foreign,CCCCCT,11-16,4,False
-1.0,0.803,137.4,0.68,5.09,52,designed,TCTTGACTT,7-15,43,True
-0.24,0.324,40.0,0.01,3.25,52,scrambled,TCACTTGTT,7-15,43,False
-0.23,0.314,39.4,0.0,0.06,52,reversed,TTCAGTTCT,7-15,43,False
-0.24,0.325,40.0,0.01,-0.3,52,foreign,ATCGACTCA,7-15,43,False
-1.08,0.828,156.7,0.73,3.29,37,designed,CTTGACT,8-14,30,True
-0.25,0.331,40.4,0.01,-0.27,37,scrambled,CGTTTCA,8-14,30,False
-0.23,0.313,39.3,0.0,0.0,37,reversed,TCAGTTC,8-14,30,False
-0.23,0.311,39.2,0.0,-0.08,37,foreign,CCCTATC,8-14,30,False
-1.16,0.848,177.8,0.74,5.09,48,designed,TCTTGACTT,7-15,39,True
-0.24,0.324,39.9,0.01,-1.71,48,scrambled,TTTATCGTC,7-15,39,False
-0.23,0.314,39.4,0.0,0.06,48,reversed,TTCAGTTCT,7-15,39,False
-0.31,0.393,44.5,0.05,-1.27,48,foreign,ATGCCCCCT,7-15,39,False
-1.25,0.868,204.2,0.78,4.81,15,designed,CCTCTTG,11-17,8,True
-0.62,0.632,73.3,0.22,1.17,15,scrambled,CGTTCTC,11-17,8,False
-0.85,0.747,106.6,0.26,2.11,15,reversed,GTTCTCC,11-17,8,False
-0.33,0.412,45.9,0.08,-1.75,15,foreign,TCGGAGA,11-17,8,False
-1.31,0.88,225.0,0.7,4.74,31,designed,TGGTTGC,26-32,24,True
-0.49,0.546,59.4,0.24,-0.46,31,scrambled,TGCTTGG,26-32,24,False
-1.57,0.922,347.4,0.68,2.42,31,reversed,CGTTGGT,26-32,24,True
-0.25,0.337,40.7,0.02,1.32,31,foreign,TTATTGC,26-32,24,False
-1.37,0.891,248.2,0.8,5.09,44,designed,TCTTGACTT,7-15,35,True
-0.23,0.311,39.2,0.0,0.55,44,scrambled,TCTCTTTAG,7-15,35,False
-0.23,0.314,39.3,0.0,0.06,44,reversed,TTCAGTTCT,7-15,35,False
-0.23,0.314,39.4,0.0,-1.03,44,foreign,TTCGGAGAT,7-15,35,False
-1.44,0.903,278.3,0.82,5.37,44,designed,ATGGTTGC,26-33,36,True
-1.53,0.916,321.0,0.65,2.99,44,scrambled,TGTTGGAC,26-33,36,True
-1.08,0.826,154.9,0.5,2.42,44,reversed,CGTTGGTA,26-33,36,False
-0.34,0.419,46.5,0.06,0.48,44,foreign,GCCCCCTA,26-33,36,False
-1.51,0.914,313.1,0.73,4.74,28,designed,TGGTTGC,26-32,21,True
-1.58,0.923,348.9,0.55,0.81,28,scrambled,GCGTTGT,26-32,21,False
-1.85,0.95,540.4,0.71,2.42,28,reversed,CGTTGGT,26-32,21,True
-0.58,0.607,68.7,0.19,-0.08,28,foreign,GCCTTCG,26-32,21,False
-1.58,0.923,351.9,0.87,4.97,30,designed,CTCTTGAC,9-16,22,True
-0.36,0.446,48.7,0.12,1.73,30,scrambled,TTGACCTC,9-16,22,False
-0.23,0.317,39.5,0.01,1.1,30,reversed,CAGTTCTC,9-16,22,False
-0.41,0.484,52.3,0.12,-0.61,30,foreign,TATTGCCT,9-16,22,False
-1.66,0.933,402.3,0.88,4.97,29,designed,CTCTTGAC,9-16,21,True
-0.5,0.553,60.4,0.14,-1.15,29,scrambled,TCCGCATT,9-16,21,False
-0.24,0.318,39.6,0.01,1.1,29,reversed,CAGTTCTC,9-16,21,False
-0.43,0.502,54.2,0.09,0.73,29,foreign,GATGAATG,9-16,21,False
-1.73,0.94,449.2,0.87,5.25,22,designed,CCTCTTGA,10-17,14,True
-0.25,0.329,40.3,0.02,2.2,22,scrambled,TTACCCTG,10-17,14,False
-0.26,0.346,41.3,0.03,2.11,22,reversed,AGTTCTCC,10-17,14,False
-0.69,0.672,82.3,0.25,0.1,22,foreign,TATTGCCT,10-17,14,False
-1.8,0.946,501.8,0.87,3.86,16,designed,TCTTGAC,9-15,9,True
-0.76,0.709,92.7,0.19,0.09,16,scrambled,GCTATTC,9-15,9,False
-0.29,0.37,42.9,0.07,0.04,16,reversed,CAGTTCT,9-15,9,False
-0.26,0.349,41.5,0.05,-1.06,16,foreign,CTTCGGA,9-15,9,False
-1.88,0.953,572.0,0.9,4.43,49,designed,CTTGACTTA,6-14,40,True
-0.23,0.315,39.4,0.0,-0.88,49,scrambled,CACTGATTT,6-14,40,False
-0.23,0.314,39.4,0.0,-0.39,49,reversed,ATTCAGTTC,6-14,40,False
-0.27,0.354,41.8,0.03,0.35,49,foreign,ATGGTTATT,6-14,40,False
-1.97,0.959,661.0,0.92,6.2,53,designed,CTCTTGACTT,7-16,43,True
-0.23,0.315,39.4,0.0,0.37,53,scrambled,CAGTTTTTCC,7-16,43,False
-0.23,0.314,39.4,0.0,1.1,53,reversed,TTCAGTTCTC,7-16,43,False
-0.25,0.339,40.8,0.01,0.73,53,foreign,GAGATGAATG,7-16,43,False
-2.06,0.964,759.2,0.91,4.43,46,designed,CTTGACTTA,6-14,37,True
-0.23,0.312,39.2,0.0,-3.16,46,scrambled,CTTTCGAAT,6-14,37,False
-0.23,0.314,39.4,0.0,-0.39,46,reversed,ATTCAGTTC,6-14,37,False
-0.29,0.377,43.3,0.04,0.18,46,foreign,GATGAATGC,6-14,37,False
-2.15,0.969,883.9,0.92,2.96,23,designed,TTGACTT,7-13,16,True
-0.42,0.497,53.7,0.15,0.37,23,scrambled,TGTTCTA,7-13,16,False
-0.24,0.318,39.6,0.01,0.0,23,reversed,TTCAGTT,7-13,16,False
-0.69,0.673,82.5,0.26,-1.27,23,foreign,ATGCCCC,7-13,16,False
-0.95,0.785,125.5,0.66,2.53,48,designed,TGACTTA,6-12,41,True
-0.24,0.318,39.6,0.0,-1.68,48,scrambled,ATTCGTA,6-12,41,False
-0.23,0.313,39.3,0.0,-0.18,48,reversed,ATTCAGT,6-12,41,False
-0.3,0.387,44.0,0.05,-1.43,48,foreign,AATGCCC,6-12,41,False
-1.44,0.903,277.5,0.82,2.53,37,designed,TGACTTA,6-12,30,True
-0.23,0.311,39.2,0.0,0.0,37,scrambled,TAGTCAT,6-12,30,False
-0.23,0.312,39.3,0.0,-0.18,37,reversed,ATTCAGT,6-12,30,False
-0.24,0.318,39.6,0.01,-1.22,37,foreign,TATCGAC,6-12,30,False
-1.65,0.931,394.0,0.87,5.06,43,designed,GATGGTTG,27-34,35,True
-0.51,0.565,62.1,0.21,1.89,43,scrambled,GTTGTGAG,27-34,35,False
-2.08,0.966,795.1,0.65,2.88,43,reversed,GTTGGTAG,27-34,35,True
-0.33,0.414,46.1,0.07,-1.73,43,foreign,TTGCCTTC,27-34,35,False
-1.91,0.955,603.1,0.91,5.06,36,designed,GATGGTTG,27-34,28,True
-0.59,0.618,70.7,0.2,2.68,36,scrambled,GGGTGTTA,27-34,28,False
-2.5,0.983,1559.2,0.66,2.88,36,reversed,GTTGGTAG,27-34,28,False
-0.46,0.527,57.1,0.12,2.22,36,foreign,GGTTATTG,27-34,28,False
-2.15,0.969,881.7,0.91,3.17,37,designed,TGACTTAT,5-12,29,True
-0.26,0.348,41.4,0.02,-1.7,37,scrambled,TGCTATAT,5-12,29,False
-0.23,0.312,39.3,0.0,-0.41,37,reversed,TATTCAGT,5-12,29,False
-0.42,0.497,53.7,0.12,-1.43,37,foreign,AATGCCCC,5-12,29,False
-0.92,0.776,120.3,0.66,3.59,40,designed,CTTATACA,2-9,32,True
-0.23,0.309,39.1,0.0,-0.74,40,scrambled,CTATTAAC,2-9,32,False
-0.24,0.322,39.8,0.01,0.6,40,reversed,ACATATTC,2-9,32,False
-0.23,0.315,39.4,0.0,-2.89,40,foreign,CTATCGAC,2-9,32,False
-0.99,0.8,135.3,0.69,3.91,45,designed,CGATGGT,29-35,38,True
-0.96,0.79,128.5,0.54,-0.12,45,scrambled,GCGTTGA,29-35,38,False
-0.43,0.5,54.0,0.18,0.73,45,reversed,TGGTAGC,29-35,38,False
-0.26,0.342,41.0,0.02,-0.52,45,foreign,GTTATTG,29-35,38,False
-1.08,0.828,156.8,0.72,2.98,40,designed,TATACAC,1-7,33,True
-0.22,0.305,38.9,0.0,0.01,40,scrambled,AAATCCT,1-7,33,False
-0.23,0.316,39.4,0.0,1.59,40,reversed,CACATAT,1-7,33,False
-0.23,0.312,39.3,0.0,-0.33,40,foreign,CCCCTAT,1-7,33,False
-1.17,0.851,180.9,0.76,3.91,38,designed,CGATGGT,29-35,31,True
-0.72,0.691,87.5,0.29,-0.48,38,scrambled,GCGTGTA,29-35,31,False
-0.51,0.56,61.4,0.24,0.73,38,reversed,TGGTAGC,29-35,31,False
-0.3,0.384,43.8,0.06,2.58,38,foreign,ATGGTTA,29-35,31,False
-1.26,0.871,209.4,0.8,2.42,22,designed,CTTATAC,3-9,15,True
-0.41,0.486,52.5,0.19,1.78,22,scrambled,ACTTACT,3-9,15,False
-0.22,0.301,38.6,0.01,0.43,22,reversed,CATATTC,3-9,15,False
-0.44,0.51,55.1,0.19,-1.19,22,foreign,CGACTCA,3-9,15,False
-1.31,0.882,227.9,0.83,2.42,10,designed,CTTATAC,3-9,3,True
-0.17,0.237,35.4,0.07,1.5,10,scrambled,CTAACTT,3-9,3,False
-0.15,0.22,34.6,0.03,0.43,10,reversed,CATATTC,3-9,3,False
-1.83,0.948,523.3,0.29,-0.45,10,foreign,GGAGATG,3-9,3,False
-1.37,0.891,248.1,0.65,3.78,23,designed,GATGGTT,28-34,16,True
-0.43,0.499,53.9,0.12,0.72,23,scrambled,TGTGTAG,28-34,16,False
-0.8,0.726,98.7,0.37,2.88,23,reversed,TTGGTAG,28-34,16,False
-0.25,0.332,40.4,0.02,0.55,23,foreign,TTCGGAG,28-34,16,False
-1.43,0.902,276.5,0.83,2.98,35,designed,TATACAC,1-7,28,True
-0.23,0.31,39.1,0.0,1.35,35,scrambled,TCAATAC,1-7,28,False
-0.24,0.324,39.9,0.01,1.59,35,reversed,CACATAT,1-7,28,False
-0.35,0.433,47.6,0.09,-1.85,35,foreign,ATTGCCT,1-7,28,False
-1.48,0.909,297.5,0.83,4.69,42,designed,CGATGGTT,28-35,34,True
-0.33,0.419,46.5,0.09,-0.34,42,scrambled,GTGTCGTA,28-35,34,False
-0.46,0.522,56.5,0.21,1.21,42,reversed,TTGGTAGC,28-35,34,False
-0.34,0.425,47.0,0.07,-1.76,42,foreign,TGCCCCCT,28-35,34,False
-1.54,0.918,330.0,0.84,4.69,40,designed,CGATGGTT,28-35,32,True
-0.25,0.331,40.3,0.01,-0.04,40,scrambled,TCTAGTGG,28-35,32,False
-0.48,0.542,58.9,0.23,1.21,40,reversed,TTGGTAGC,28-35,32,False
-0.32,0.407,45.5,0.06,-1.64,40,foreign,TATTGCCT,28-35,32,False
-1.61,0.927,370.6,0.88,3.79,44,designed,ATACACA,0-6,37,True
-0.23,0.309,39.1,0.0,0.56,44,scrambled,CCAAATA,0-6,37,False
-0.37,0.451,49.2,0.14,3.25,44,reversed,ACACATA,0-6,37,False
-0.38,0.463,50.2,0.12,-1.83,44,foreign,GAATGCC,0-6,37,False
-1.71,0.937,429.6,0.88,2.48,49,designed,GCCGAT,32-37,43,True
-0.25,0.337,40.7,0.02,1.42,49,scrambled,GACCTG,32-37,43,False
-0.39,0.467,50.7,0.15,2.93,49,reversed,TAGCCG,32-37,43,False
-0.24,0.32,39.7,0.0,0.02,49,foreign,GAGATG,32-37,43,False
-1.76,0.943,473.0,0.9,4.86,51,designed,CTTATACAC,1-9,42,True
-0.23,0.312,39.2,0.0,0.51,51,scrambled,TAATCCTAC,1-9,42,False
-0.23,0.314,39.3,0.0,1.39,51,reversed,CACATATTC,1-9,42,False
-0.23,0.312,39.3,0.0,-1.82,51,foreign,CTTCGGAGA,1-9,42,False
-1.83,0.949,528.2,0.89,2.63,42,designed,GACTTAT,5-11,35,True
-0.23,0.31,39.1,0.0,-1.79,42,scrambled,TTAGATC,5-11,35,False
-0.23,0.311,39.2,0.0,-0.41,42,reversed,TATTCAG,5-11,35,False
-0.24,0.326,40.1,0.01,-0.49,42,foreign,GAGATGA,5-11,35,False
-1.9,0.954,592.3,0.9,2.48,41,designed,GCCGAT,32-37,35,True
-0.42,0.495,53.4,0.24,1.14,41,scrambled,CCGATG,32-37,35,False
-0.44,0.512,55.3,0.19,2.93,41,reversed,TAGCCG,32-37,35,False
-0.23,0.311,39.2,0.0,0.31,41,foreign,CTCACT,32-37,35,False
